{"cameraMode":{"drawMode":0,"name":"Shaded","section":"Shading Mode"},"sceneLighting":true,"audioPlay":false,"sceneViewState":{"m_AlwaysRefresh":false,"showFog":true,"showSkybox":true,"showFlares":true,"showImageEffects":true,"showParticleSystems":true,"showVisualEffectGraphs":true,"m_FxEnabled":true},"in2DMode":false,"pivot":{"x":3.280996322631836,"y":7.596662998199463,"z":-4.534153938293457},"rotation":{"x":0.0020975663792341949,"y":-0.05937391519546509,"z":-0.00012825647718273103,"w":-0.9982507824897766},"size":16.070789337158204,"orthographic":false}